epoch,diceAccuracy,jaccardDistance,loss,val_diceAccuracy,val_jaccardDistance,val_loss
0,0.8709551095962524,2.1287312507629395,12.104053497314453,0.8661840558052063,2.302485704421997,11.366059303283691
1,0.9268981218338013,1.3515625,10.619845390319824,0.8856436610221863,2.0032358169555664,9.948385238647461
2,0.9301452040672302,1.295678734779358,9.26315975189209,0.8058795928955078,3.123562812805176,8.708287239074707
3,0.9320929646492004,1.2613860368728638,8.00554084777832,0.8950289487838745,1.860735297203064,7.428678512573242
