epoch,diceAccuracy,jaccardDistance,loss,val_diceAccuracy,val_jaccardDistance,val_loss
0,0.8767786622047424,2.0688676834106445,2.1609644889831543,0.9062138795852661,1.693428635597229,2.040400743484497
1,0.92619389295578,1.36320960521698,1.9241093397140503,0.8889105916023254,1.9615224599838257,1.854982614517212
2,0.9299011826515198,1.2996323108673096,1.7254552841186523,0.8343817591667175,2.7446281909942627,1.71148681640625
3,0.9316111207008362,1.2704713344573975,1.5401179790496826,0.8606573343276978,2.3748703002929688,1.5105699300765991
4,0.9327184557914734,1.251214623451233,1.3698363304138184,0.794611394405365,3.3075387477874756,1.4048120975494385
